"post_title","ID","post_content","post_excerpt","post_date","post_name","post_author","post_status","featured_image","post_parent","menu_order","wp_page_template","comment_status","ping_status","_seopress_titles_title","_seopress_titles_desc","_seopress_robots_index","_seopress_robots_follow","_seopress_robots_imageindex","_seopress_robots_archive","_seopress_robots_canonical","_seopress_analysis_target_kw","_seopress_robots_primary_cat","_seopress_robots_breadcrumbs","_seopress_social_fb_title","_seopress_social_fb_desc","_seopress_social_fb_img","_seopress_social_twitter_title","_seopress_social_twitter_desc","_seopress_social_twitter_img","_seopress_redirections_type","_seopress_redirections_value","_seopress_redirections_enabled","_seopress_redirections_logged_status"
"Contact us","42","<style>/*! elementor - v3.10.2 - 29-01-2023 */
.elementor-heading-title{padding:0;margin:0;line-height:1}.elementor-widget-heading .elementor-heading-title[class*=elementor-size-]>a{color:inherit;font-size:inherit;line-height:inherit}.elementor-widget-heading .elementor-heading-title.elementor-size-small{font-size:15px}.elementor-widget-heading .elementor-heading-title.elementor-size-medium{font-size:19px}.elementor-widget-heading .elementor-heading-title.elementor-size-large{font-size:29px}.elementor-widget-heading .elementor-heading-title.elementor-size-xl{font-size:39px}.elementor-widget-heading .elementor-heading-title.elementor-size-xxl{font-size:59px}</style><h2>Contact us</h2>		
		<p><a href=""http://localhost/harahire/"" data-wplink-url-error=""true"">Home</a> &gt;&gt; Harahire Contact us</p>		
			<h6>Harahire Seafood</h6>		
			<h1>Get In Touch</h1>		
		<p>Li Europan lingues es membres del sam familie. Lor separat existentie es un myth. Por scientie, musica, sport etc.</p>		
			<h3>Contact us</h3>		
			<link rel=""stylesheet"" href=""http://localhost/harahire/wp-content/plugins/elementor/assets/css/widget-icon-list.min.css"">		<ul>
							<li>
										+880 18125 12345
									</li>
								<li>
										support@mail.com
									</li>
								<li>
										Riverside Building, County Hall, London SE1 7PB, UK
									</li>
						</ul>
			<style>/*! elementor - v3.10.2 - 29-01-2023 */
.elementor-image-gallery .gallery-item{display:inline-block;text-align:center;vertical-align:top;width:100%;max-width:100%;margin:0 auto}.elementor-image-gallery .gallery-item img{margin:0 auto}.elementor-image-gallery .gallery-item .gallery-caption{margin:0}.elementor-image-gallery figure img{display:block}.elementor-image-gallery figure figcaption{width:100%}.gallery-spacing-custom .elementor-image-gallery .gallery-icon{padding:0}@media (min-width:768px){.elementor-image-gallery .gallery-columns-2 .gallery-item{max-width:50%}.elementor-image-gallery .gallery-columns-3 .gallery-item{max-width:33.33%}.elementor-image-gallery .gallery-columns-4 .gallery-item{max-width:25%}.elementor-image-gallery .gallery-columns-5 .gallery-item{max-width:20%}.elementor-image-gallery .gallery-columns-6 .gallery-item{max-width:16.666%}.elementor-image-gallery .gallery-columns-7 .gallery-item{max-width:14.28%}.elementor-image-gallery .gallery-columns-8 .gallery-item{max-width:12.5%}.elementor-image-gallery .gallery-columns-9 .gallery-item{max-width:11.11%}.elementor-image-gallery .gallery-columns-10 .gallery-item{max-width:10%}}@media (min-width:480px) and (max-width:767px){.elementor-image-gallery .gallery.gallery-columns-2 .gallery-item,.elementor-image-gallery .gallery.gallery-columns-3 .gallery-item,.elementor-image-gallery .gallery.gallery-columns-4 .gallery-item,.elementor-image-gallery .gallery.gallery-columns-5 .gallery-item,.elementor-image-gallery .gallery.gallery-columns-6 .gallery-item,.elementor-image-gallery .gallery.gallery-columns-7 .gallery-item,.elementor-image-gallery .gallery.gallery-columns-8 .gallery-item,.elementor-image-gallery .gallery.gallery-columns-9 .gallery-item,.elementor-image-gallery .gallery.gallery-columns-10 .gallery-item{max-width:50%}}@media (max-width:479px){.elementor-image-gallery .gallery.gallery-columns-2 .gallery-item,.elementor-image-gallery .gallery.gallery-columns-3 .gallery-item,.elementor-image-gallery .gallery.gallery-columns-4 .gallery-item,.elementor-image-gallery .gallery.gallery-columns-5 .gallery-item,.elementor-image-gallery .gallery.gallery-columns-6 .gallery-item,.elementor-image-gallery .gallery.gallery-columns-7 .gallery-item,.elementor-image-gallery .gallery.gallery-columns-8 .gallery-item,.elementor-image-gallery .gallery.gallery-columns-9 .gallery-item,.elementor-image-gallery .gallery.gallery-columns-10 .gallery-item{max-width:100%}}</style>		
			<figure class='gallery-item'>
				<a data-elementor-open-lightbox=""yes"" data-elementor-lightbox-slideshow=""18e25d7"" data-elementor-lightbox-title=""cropped-image-of-chef-cutting-fish-on-cutting-boar-2022-05-26-04-18-18-utc-150x150"" e-action-hash=""#elementor-action%3Aaction%3Dlightbox%26settings%3DeyJpZCI6MzE2LCJ1cmwiOiJodHRwOlwvXC9sb2NhbGhvc3RcL2hhcmFoaXJlXC93cC1jb250ZW50XC91cGxvYWRzXC8yMDIzXC8wMVwvY3JvcHBlZC1pbWFnZS1vZi1jaGVmLWN1dHRpbmctZmlzaC1vbi1jdXR0aW5nLWJvYXItMjAyMi0wNS0yNi0wNC0xOC0xOC11dGMtMTUweDE1MC0xLmpwZyIsInNsaWRlc2hvdyI6IjE4ZTI1ZDcifQ%3D%3D"" href='http://localhost/harahire/wp-content/uploads/2023/01/cropped-image-of-chef-cutting-fish-on-cutting-boar-2022-05-26-04-18-18-utc-150x150-1.jpg'><img width=""150"" height=""150"" src=""http://localhost/harahire/wp-content/uploads/2023/01/cropped-image-of-chef-cutting-fish-on-cutting-boar-2022-05-26-04-18-18-utc-150x150-1.jpg"" alt="""" decoding=""async"" loading=""lazy"" /></a>
			</figure><figure class='gallery-item'>
				<a data-elementor-open-lightbox=""yes"" data-elementor-lightbox-slideshow=""18e25d7"" data-elementor-lightbox-title=""fresh-fish-fillet-on-a-cutting-board-2022-01-12-00-48-06-utc-150x150"" e-action-hash=""#elementor-action%3Aaction%3Dlightbox%26settings%3DeyJpZCI6MzE3LCJ1cmwiOiJodHRwOlwvXC9sb2NhbGhvc3RcL2hhcmFoaXJlXC93cC1jb250ZW50XC91cGxvYWRzXC8yMDIzXC8wMVwvZnJlc2gtZmlzaC1maWxsZXQtb24tYS1jdXR0aW5nLWJvYXJkLTIwMjItMDEtMTItMDAtNDgtMDYtdXRjLTE1MHgxNTAtMS5qcGciLCJzbGlkZXNob3ciOiIxOGUyNWQ3In0%3D"" href='http://localhost/harahire/wp-content/uploads/2023/01/fresh-fish-fillet-on-a-cutting-board-2022-01-12-00-48-06-utc-150x150-1.jpg'><img width=""150"" height=""150"" src=""http://localhost/harahire/wp-content/uploads/2023/01/fresh-fish-fillet-on-a-cutting-board-2022-01-12-00-48-06-utc-150x150-1.jpg"" alt="""" decoding=""async"" loading=""lazy"" /></a>
			</figure><figure class='gallery-item'>
				<a data-elementor-open-lightbox=""yes"" data-elementor-lightbox-slideshow=""18e25d7"" data-elementor-lightbox-title=""seafood-2021-08-26-15-58-15-utc-pueh4adzazop2g5mwpoqgb6fs3j141wjytz0gi5mkw"" e-action-hash=""#elementor-action%3Aaction%3Dlightbox%26settings%3DeyJpZCI6MTExLCJ1cmwiOiJodHRwOlwvXC9sb2NhbGhvc3RcL2hhcmFoaXJlXC93cC1jb250ZW50XC91cGxvYWRzXC8yMDIzXC8wMVwvc2VhZm9vZC0yMDIxLTA4LTI2LTE1LTU4LTE1LXV0Yy1wdWVoNGFkemF6b3AyZzVtd3BvcWdiNmZzM2oxNDF3anl0ejBnaTVta3cuanBnIiwic2xpZGVzaG93IjoiMThlMjVkNyJ9"" href='http://localhost/harahire/wp-content/uploads/2023/01/seafood-2021-08-26-15-58-15-utc-pueh4adzazop2g5mwpoqgb6fs3j141wjytz0gi5mkw.jpg'><img width=""150"" height=""144"" src=""http://localhost/harahire/wp-content/uploads/2023/01/seafood-2021-08-26-15-58-15-utc-pueh4adzazop2g5mwpoqgb6fs3j141wjytz0gi5mkw.jpg"" alt="""" decoding=""async"" loading=""lazy"" /></a>
			</figure><figure class='gallery-item'>
				<a data-elementor-open-lightbox=""yes"" data-elementor-lightbox-slideshow=""18e25d7"" data-elementor-lightbox-title=""close-of-mans-hands-cutting-fish-on-a-cutting-boar-2022-01-17-18-53-23-utc-pueh2kchbw56hwjdh6kvueufx2gsouiv1x6u1nxv00"" e-action-hash=""#elementor-action%3Aaction%3Dlightbox%26settings%3DeyJpZCI6MzEsInVybCI6Imh0dHA6XC9cL2xvY2FsaG9zdFwvaGFyYWhpcmVcL3dwLWNvbnRlbnRcL3VwbG9hZHNcLzIwMjNcLzAxXC9jbG9zZS1vZi1tYW5zLWhhbmRzLWN1dHRpbmctZmlzaC1vbi1hLWN1dHRpbmctYm9hci0yMDIyLTAxLTE3LTE4LTUzLTIzLXV0Yy1wdWVoMmtjaGJ3NTZod2pkaDZrdnVldWZ4Mmdzb3VpdjF4NnUxbnh2MDAuanBnIiwic2xpZGVzaG93IjoiMThlMjVkNyJ9"" href='http://localhost/harahire/wp-content/uploads/2023/01/close-of-mans-hands-cutting-fish-on-a-cutting-boar-2022-01-17-18-53-23-utc-pueh2kchbw56hwjdh6kvueufx2gsouiv1x6u1nxv00.jpg'><img width=""140"" height=""150"" src=""http://localhost/harahire/wp-content/uploads/2023/01/close-of-mans-hands-cutting-fish-on-a-cutting-boar-2022-01-17-18-53-23-utc-pueh2kchbw56hwjdh6kvueufx2gsouiv1x6u1nxv00.jpg"" alt="""" decoding=""async"" loading=""lazy"" /></a>
			</figure><figure class='gallery-item'>
				<a data-elementor-open-lightbox=""yes"" data-elementor-lightbox-slideshow=""18e25d7"" data-elementor-lightbox-title=""big-piece-of-raw-cut-salmon-fish-on-a-wooden-cutti-2021-12-09-03-21-07-utc-pueh2p1oa2bm3ycjpqm0ovnqvztmrc1iqkg9g1qw4w"" e-action-hash=""#elementor-action%3Aaction%3Dlightbox%26settings%3DeyJpZCI6MjksInVybCI6Imh0dHA6XC9cL2xvY2FsaG9zdFwvaGFyYWhpcmVcL3dwLWNvbnRlbnRcL3VwbG9hZHNcLzIwMjNcLzAxXC9iaWctcGllY2Utb2YtcmF3LWN1dC1zYWxtb24tZmlzaC1vbi1hLXdvb2Rlbi1jdXR0aS0yMDIxLTEyLTA5LTAzLTIxLTA3LXV0Yy1wdWVoMnAxb2EyYm0zeWNqcHFtMG92bnF2enRtcmMxaXFrZzlnMXF3NHcuanBnIiwic2xpZGVzaG93IjoiMThlMjVkNyJ9"" href='http://localhost/harahire/wp-content/uploads/2023/01/big-piece-of-raw-cut-salmon-fish-on-a-wooden-cutti-2021-12-09-03-21-07-utc-pueh2p1oa2bm3ycjpqm0ovnqvztmrc1iqkg9g1qw4w.jpg'><img width=""140"" height=""150"" src=""http://localhost/harahire/wp-content/uploads/2023/01/big-piece-of-raw-cut-salmon-fish-on-a-wooden-cutti-2021-12-09-03-21-07-utc-pueh2p1oa2bm3ycjpqm0ovnqvztmrc1iqkg9g1qw4w.jpg"" alt="""" decoding=""async"" loading=""lazy"" /></a>
			</figure>
			<style>/*! elementor - v3.10.2 - 29-01-2023 */
.elementor-widget-google_maps .elementor-widget-container{overflow:hidden}.elementor-widget-google_maps iframe{height:300px}</style>		
			<iframe loading=""lazy""
					src=""https://maps.google.com/maps?q=London%20Eye%2C%20London%2C%20United%20Kingdom&#038;t=m&#038;z=10&#038;output=embed&#038;iwloc=near""
					title=""London Eye, London, United Kingdom""
					aria-label=""London Eye, London, United Kingdom""
			></iframe>
			<h6>Harahire Seafood</h6>		
			<h1>Frequently Asked Questions.</h1>		
		<p>Li Europan lingues es membres del sam familie. Lor separat existentie es un myth. Por scientie, musica, sport etc, litot Europa usa li sam vocabular.</p>		
			<style>/*! elementor - v3.10.2 - 29-01-2023 */
.elementor-accordion{text-align:left}.elementor-accordion .elementor-accordion-item{border:1px solid #d4d4d4}.elementor-accordion .elementor-accordion-item+.elementor-accordion-item{border-top:none}.elementor-accordion .elementor-tab-title{margin:0;padding:15px 20px;font-weight:700;line-height:1;cursor:pointer;outline:none}.elementor-accordion .elementor-tab-title .elementor-accordion-icon{display:inline-block;width:1.5em}.elementor-accordion .elementor-tab-title .elementor-accordion-icon svg{width:1em;height:1em}.elementor-accordion .elementor-tab-title .elementor-accordion-icon.elementor-accordion-icon-right{float:right;text-align:right}.elementor-accordion .elementor-tab-title .elementor-accordion-icon.elementor-accordion-icon-left{float:left;text-align:left}.elementor-accordion .elementor-tab-title .elementor-accordion-icon .elementor-accordion-icon-closed{display:block}.elementor-accordion .elementor-tab-title .elementor-accordion-icon .elementor-accordion-icon-opened,.elementor-accordion .elementor-tab-title.elementor-active .elementor-accordion-icon-closed{display:none}.elementor-accordion .elementor-tab-title.elementor-active .elementor-accordion-icon-opened{display:block}.elementor-accordion .elementor-tab-content{display:none;padding:15px 20px;border-top:1px solid #d4d4d4}@media (max-width:767px){.elementor-accordion .elementor-tab-title{padding:12px 15px}.elementor-accordion .elementor-tab-title .elementor-accordion-icon{width:1.2em}.elementor-accordion .elementor-tab-content{padding:7px 15px}}.e-con-inner>.elementor-widget-accordion,.e-con>.elementor-widget-accordion{width:var(--container-widget-width);--flex-grow:var(--container-widget-flex-grow)}</style>		
												<a href="""">How does the billing work?</a>
					<p>Li Europan lingues es membres del sam familie. Lor separat existentie es un myth. Por scientie, musica, sport etc, litot Europa usa li sam vocabular. Li lingues differe solmen in li grammatica, li pronunciation e li plu commun vocabules.</p>
												<a href="""">What is your cancellation policy?</a>
					<p>Li Europan lingues es membres del sam familie. Lor separat existentie es un myth. Por scientie, musica, sport etc, litot Europa usa li sam vocabular. Li lingues differe solmen in li grammatica, li pronunciation e li plu commun vocabules.</p>
												<a href="""">Can other info be added to an invoice?</a>
					<p>Li Europan lingues es membres del sam familie. Lor separat existentie es un myth. Por scientie, musica, sport etc, litot Europa usa li sam vocabular. Li lingues differe solmen in li grammatica, li pronunciation e li plu commun vocabules.</p>
												<a href="""">Is there any offline store/market?</a>
					<p>Li Europan lingues es membres del sam familie. Lor separat existentie es un myth. Por scientie, musica, sport etc, litot Europa usa li sam vocabular. Li lingues differe solmen in li grammatica, li pronunciation e li plu commun vocabules.</p>
												<a href="""">How the refund system works in any case?</a>
					<p>Li Europan lingues es membres del sam familie. Lor separat existentie es un myth. Por scientie, musica, sport etc, litot Europa usa li sam vocabular. Li lingues differe solmen in li grammatica, li pronunciation e li plu commun vocabules.</p>",,"2023-01-17 00:39:48","about","admin","publish",,"0","2","elementor_header_footer","closed","closed",,,,,,,,,,,,,,,,,,,,
"Services","44","<style>/*! elementor - v3.10.2 - 29-01-2023 */
.elementor-heading-title{padding:0;margin:0;line-height:1}.elementor-widget-heading .elementor-heading-title[class*=elementor-size-]>a{color:inherit;font-size:inherit;line-height:inherit}.elementor-widget-heading .elementor-heading-title.elementor-size-small{font-size:15px}.elementor-widget-heading .elementor-heading-title.elementor-size-medium{font-size:19px}.elementor-widget-heading .elementor-heading-title.elementor-size-large{font-size:29px}.elementor-widget-heading .elementor-heading-title.elementor-size-xl{font-size:39px}.elementor-widget-heading .elementor-heading-title.elementor-size-xxl{font-size:59px}</style><h2>Our Service</h2>		
		<p><a href=""http://localhost/harahire/"" data-wplink-url-error=""true"">Home</a> &gt;&gt; Harahire Service</p>		
			<h1>250</h1>		
		<p>Li Europan lingues es membres del sam familie.</p>		
			<h1>250</h1>		
		<p>Li Europan lingues es membres del sam familie.</p>		
			<h1>250</h1>		
		<p>Li Europan lingues es membres del sam familie.</p>		
			<style>/*! elementor - v3.10.2 - 29-01-2023 */
.elementor-widget-image{text-align:center}.elementor-widget-image a{display:inline-block}.elementor-widget-image a img[src$="".svg""]{width:48px}.elementor-widget-image img{vertical-align:middle;display:inline-block}</style>												<img width=""720"" height=""496"" src=""http://localhost/harahire/wp-content/uploads/2023/01/big-piece-of-raw-cut-salmon-fish-on-a-wooden-cutti-2021-12-09-03-21-07-utc-pueh2p1tvcxgoo9d8osm27oawxq00dw3fj5nqzs5sw.jpg"" alt="""" loading=""lazy"" />															
															<img width=""64"" height=""64"" src=""http://localhost/harahire/wp-content/uploads/2023/01/ubur.png"" alt="""" loading=""lazy"" />															
			<h1>Fish Cutting</h1>		
		<p>Lorem ipsum dolor sit amet, consectetur adipiscing elit. Ut elit tellus, luctus nec ullamcorper mattis, pulvinar dapibus leo.</p>		
			<a href=""#"" role=""button"">
						Check Details
					</a>
															<img width=""800"" height=""502"" src=""http://localhost/harahire/wp-content/uploads/2023/01/raw-tuna-steaks-on-the-table-2022-01-12-00-37-09-utc-1024x642-1.jpg"" alt="""" loading=""lazy"" />															
															<img width=""64"" height=""64"" src=""http://localhost/harahire/wp-content/uploads/2023/01/lobster.png"" alt="""" loading=""lazy"" />															
			<h1>Delivery</h1>		
		<p>Lorem ipsum dolor sit amet, consectetur adipiscing elit. Ut elit tellus, luctus nec ullamcorper mattis, pulvinar dapibus leo.</p>		
			<a href=""#"" role=""button"">
						Check Details
					</a>
															<img width=""800"" height=""532"" src=""http://localhost/harahire/wp-content/uploads/2023/01/close-of-mans-hands-cutting-fish-on-a-cutting-boar-2022-01-17-18-53-23-utc-1024x681-1.jpg"" alt="""" loading=""lazy"" />															
															<img width=""88"" height=""88"" src=""http://localhost/harahire/wp-content/uploads/2023/01/canfish.png"" alt="""" loading=""lazy"" />															
			<h1>Marketing</h1>		
		<p>Lorem ipsum dolor sit amet, consectetur adipiscing elit. Ut elit tellus, luctus nec ullamcorper mattis, pulvinar dapibus leo.</p>		
			<a href=""#"" role=""button"">
						Check Details
					</a>
															<img width=""800"" height=""533"" src=""http://localhost/harahire/wp-content/uploads/2023/01/fresh-fish-fillet-on-a-cutting-board-2022-01-12-00-48-06-utc-1024x682-1.jpg"" alt="""" loading=""lazy"" />															
															<img width=""88"" height=""72"" src=""http://localhost/harahire/wp-content/uploads/2023/01/fishmout.png"" alt="""" loading=""lazy"" />															
			<h1>Experience</h1>		
		<p>Lorem ipsum dolor sit amet, consectetur adipiscing elit. Ut elit tellus, luctus nec ullamcorper mattis, pulvinar dapibus leo.</p>		
			<a href=""#"" role=""button"">
						Check Details
					</a>
															<img width=""332"" height=""173"" src=""http://localhost/harahire/wp-content/uploads/2023/01/Logo-2.png"" alt="""" loading=""lazy"" />															
															<img width=""332"" height=""173"" src=""http://localhost/harahire/wp-content/uploads/2023/01/Logo1.png"" alt="""" loading=""lazy"" />															
															<img width=""332"" height=""173"" src=""http://localhost/harahire/wp-content/uploads/2023/01/Logo-2.png"" alt="""" loading=""lazy"" />															
															<img width=""332"" height=""173"" src=""http://localhost/harahire/wp-content/uploads/2023/01/Logo1.png"" alt="""" loading=""lazy"" />															
															<img width=""332"" height=""173"" src=""http://localhost/harahire/wp-content/uploads/2023/01/Logo-2.png"" alt="""" loading=""lazy"" />															
			<h6>Harahire Seafood</h6>		
			<h1>How it Works</h1>		
			<h1>01</h1>		
		<p>Li Europan lingues es membres del sam familie.</p>		
			<h1>02</h1>		
		<p>Li Europan lingues es membres del sam familie.</p>		
			<h1>03</h1>		
		<p>Li Europan lingues es membres del sam familie.</p>		
			<h1>04</h1>		
		<p>Li Europan lingues es membres del sam familie.</p>		
			<h6>Harahire Seafood</h6>		
			<h1>What They Say</h1>		
			<link rel=""stylesheet"" href=""http://localhost/harahire/wp-content/plugins/elementor-pro/assets/css/widget-carousel.min.css"">		
						Lorem ipsum dolor sit amet, consectetur adipiscing elit. Ut elit tellus, luctus nec ullamcorper mattis, pulvinar dapibus leo.					
						<img src=""http://localhost/harahire/wp-content/uploads/2023/01/young-chef-preparing-dough-for-pizza-2022-03-30-20-23-44-utc-1.jpg"" alt=""John Doe"">
								<cite>John DoeClient</cite>			
						Lorem ipsum dolor sit amet, consectetur adipiscing elit. Ut elit tellus, luctus nec ullamcorper mattis, pulvinar dapibus leo.					
						<img src=""http://localhost/harahire/wp-content/uploads/2023/01/chef-in-commercial-kitchen-seasoning-food-2022-03-07-23-57-42-utc-1.jpg"" alt=""Olivia"">
								<cite>OliviaClient</cite>			
						Lorem ipsum dolor sit amet, consectetur adipiscing elit. Ut elit tellus, luctus nec ullamcorper mattis, pulvinar dapibus leo.					
						<img src=""http://localhost/harahire/wp-content/uploads/2023/01/chef-in-commercial-kitchen-seasoning-food-2022-03-07-23-57-42-utc-1.jpg"" alt=""Elezabeth"">
								<cite>ElezabethClient</cite>			
														Previous
														Next
			<h2>Monthly Tips About Sea Food</h2>		
		<p>Delivered Right to your phone</p>		
															<img width=""610"" height=""305"" src=""http://localhost/harahire/wp-content/uploads/2023/01/whole-seafood-octopus-with-ice-and-lime-2022-02-01-23-41-26-utc-pueh1zo5ela6mr9gagji98xcmg0oz996yjn7sa7pt6.jpg"" alt="""" loading=""lazy"" />															
			<h3>""</h3>		
			<h3>Your satisfaction about seafood is our priority.</h3>",,"2023-01-17 00:40:05","services","admin","publish",,"0","3","elementor_header_footer","closed","closed",,,,,,,,,,,,,,,,,,,,
"Blog","48",,,"2023-01-17 00:40:24","blog","admin","publish",,"0","5","default","closed","closed",,,,,,,,,,,,,,,,,,,,
"About","50","<style>/*! elementor - v3.10.2 - 29-01-2023 */
.elementor-heading-title{padding:0;margin:0;line-height:1}.elementor-widget-heading .elementor-heading-title[class*=elementor-size-]>a{color:inherit;font-size:inherit;line-height:inherit}.elementor-widget-heading .elementor-heading-title.elementor-size-small{font-size:15px}.elementor-widget-heading .elementor-heading-title.elementor-size-medium{font-size:19px}.elementor-widget-heading .elementor-heading-title.elementor-size-large{font-size:29px}.elementor-widget-heading .elementor-heading-title.elementor-size-xl{font-size:39px}.elementor-widget-heading .elementor-heading-title.elementor-size-xxl{font-size:59px}</style><h2>About us</h2>		
		<p><a href=""http://localhost/harahire/"" data-wplink-url-error=""true"">Home</a> &gt;&gt; Harahire About</p>		
			<style>/*! elementor - v3.10.2 - 29-01-2023 */
.elementor-widget-image{text-align:center}.elementor-widget-image a{display:inline-block}.elementor-widget-image a img[src$="".svg""]{width:48px}.elementor-widget-image img{vertical-align:middle;display:inline-block}</style>												<img width=""423"" height=""600"" src=""http://localhost/harahire/wp-content/uploads/2023/01/hand-cutting-raw-headless-salmon-fish-laying-on-bl-2022-05-19-15-33-07-utc-pueh1kmo38g7dpea2l98pqlotzqbt3ilhfbc6ap6i8.jpg"" alt="""" loading=""lazy"" />															
															<img width=""185"" height=""24"" src=""http://localhost/harahire/wp-content/uploads/2023/01/logo-harahire-1.png"" alt="""" loading=""lazy"" />															
			<h1>Where it Started. The Story</h1>		
		<p>Li Europan lingues es membres del sam familie. Lor separat existentie es un myth. Por scientie, musica, sport etc, litot Europa usa li sam vocabular. Li lingues differe solmen in li grammatica, li pronunciation e li plu commun vocabules. Omnicos directe al desirabilite de un nov lingua franca.</p>		
			<a href=""#"" role=""button"">
						Order Now
					</a>
		<p>Li Europan lingues es membres del sam familie. Lor separat existentie es un myth. Por scientie, musica, sport etc, litot Europa usa li sam vocabular.</p>		
															<img width=""261"" height=""280"" src=""http://localhost/harahire/wp-content/uploads/2023/01/big-piece-of-raw-cut-salmon-fish-on-a-wooden-cutti-2021-12-09-03-21-07-utc-pueh2p1oa2bm3ycjpqm0ovnqvztmrc1iqkg9g1qw4w.jpg"" alt="""" loading=""lazy"" />															
			<h6>Harahire Seafood</h6>		
			<h1>What We Offer</h1>		
		<p>Li Europan lingues es membres del sam familie. Lor separat existentie es un myth. Por scientie, musica, sport etc, litot Europa usa li sam vocabular.</p>		
			<a href=""#"" role=""button"">
						Order Now
					</a>
			<style>/*! elementor - v3.10.2 - 29-01-2023 */
.elementor-widget-image-box .elementor-image-box-content{width:100%}@media (min-width:768px){.elementor-widget-image-box.elementor-position-left .elementor-image-box-wrapper,.elementor-widget-image-box.elementor-position-right .elementor-image-box-wrapper{display:flex}.elementor-widget-image-box.elementor-position-right .elementor-image-box-wrapper{text-align:right;flex-direction:row-reverse}.elementor-widget-image-box.elementor-position-left .elementor-image-box-wrapper{text-align:left;flex-direction:row}.elementor-widget-image-box.elementor-position-top .elementor-image-box-img{margin:auto}.elementor-widget-image-box.elementor-vertical-align-top .elementor-image-box-wrapper{align-items:flex-start}.elementor-widget-image-box.elementor-vertical-align-middle .elementor-image-box-wrapper{align-items:center}.elementor-widget-image-box.elementor-vertical-align-bottom .elementor-image-box-wrapper{align-items:flex-end}}@media (max-width:767px){.elementor-widget-image-box .elementor-image-box-img{margin-left:auto!important;margin-right:auto!important;margin-bottom:15px}}.elementor-widget-image-box .elementor-image-box-img{display:inline-block}.elementor-widget-image-box .elementor-image-box-title a{color:inherit}.elementor-widget-image-box .elementor-image-box-wrapper{text-align:center}.elementor-widget-image-box .elementor-image-box-description{margin:0}</style><figure><img width=""64"" height=""64"" src=""http://localhost/harahire/wp-content/uploads/2023/01/lobster.png"" alt="""" loading=""lazy"" /></figure><h3>Lobster Breeding</h3><p>Li Europan lingues es membres del sam familie.</p>		
			<figure><img width=""64"" height=""64"" src=""http://localhost/harahire/wp-content/uploads/2023/01/lobs.png"" alt="""" loading=""lazy"" /></figure><h3>Shark Fins</h3><p>Li Europan lingues es membres del sam familie.</p>		
			<figure><img width=""72"" height=""72"" src=""http://localhost/harahire/wp-content/uploads/2023/01/caviar-1.png"" alt="""" loading=""lazy"" /></figure><h3>Caviar Farm</h3><p>Li Europan lingues es membres del sam familie.</p>		
			<figure><img width=""64"" height=""64"" src=""http://localhost/harahire/wp-content/uploads/2023/01/ubur.png"" alt="""" loading=""lazy"" /></figure><h3>Jellyfish Farm</h3><p>Li Europan lingues es membres del sam familie.</p>		
			<h6>Harahire Seafood</h6>		
			<h1>Our professionals</h1>		
			<style>/*! elementor - v3.10.2 - 29-01-2023 */
.elementor-widget-social-icons.elementor-grid-0 .elementor-widget-container,.elementor-widget-social-icons.elementor-grid-mobile-0 .elementor-widget-container,.elementor-widget-social-icons.elementor-grid-tablet-0 .elementor-widget-container{line-height:1;font-size:0}.elementor-widget-social-icons:not(.elementor-grid-0):not(.elementor-grid-tablet-0):not(.elementor-grid-mobile-0) .elementor-grid{display:inline-grid}.elementor-widget-social-icons .elementor-grid{grid-column-gap:var(--grid-column-gap,5px);grid-row-gap:var(--grid-row-gap,5px);grid-template-columns:var(--grid-template-columns);justify-content:var(--justify-content,center);justify-items:var(--justify-content,center)}.elementor-icon.elementor-social-icon{font-size:var(--icon-size,25px);line-height:var(--icon-size,25px);width:calc(var(--icon-size, 25px) + (2 * var(--icon-padding, .5em)));height:calc(var(--icon-size, 25px) + (2 * var(--icon-padding, .5em)))}.elementor-social-icon{--e-social-icon-icon-color:#fff;display:inline-flex;background-color:#818a91;align-items:center;justify-content:center;text-align:center;cursor:pointer}.elementor-social-icon i{color:var(--e-social-icon-icon-color)}.elementor-social-icon svg{fill:var(--e-social-icon-icon-color)}.elementor-social-icon:last-child{margin:0}.elementor-social-icon:hover{opacity:.9;color:#fff}.elementor-social-icon-android{background-color:#a4c639}.elementor-social-icon-apple{background-color:#999}.elementor-social-icon-behance{background-color:#1769ff}.elementor-social-icon-bitbucket{background-color:#205081}.elementor-social-icon-codepen{background-color:#000}.elementor-social-icon-delicious{background-color:#39f}.elementor-social-icon-deviantart{background-color:#05cc47}.elementor-social-icon-digg{background-color:#005be2}.elementor-social-icon-dribbble{background-color:#ea4c89}.elementor-social-icon-elementor{background-color:#d30c5c}.elementor-social-icon-envelope{background-color:#ea4335}.elementor-social-icon-facebook,.elementor-social-icon-facebook-f{background-color:#3b5998}.elementor-social-icon-flickr{background-color:#0063dc}.elementor-social-icon-foursquare{background-color:#2d5be3}.elementor-social-icon-free-code-camp,.elementor-social-icon-freecodecamp{background-color:#006400}.elementor-social-icon-github{background-color:#333}.elementor-social-icon-gitlab{background-color:#e24329}.elementor-social-icon-globe{background-color:#818a91}.elementor-social-icon-google-plus,.elementor-social-icon-google-plus-g{background-color:#dd4b39}.elementor-social-icon-houzz{background-color:#7ac142}.elementor-social-icon-instagram{background-color:#262626}.elementor-social-icon-jsfiddle{background-color:#487aa2}.elementor-social-icon-link{background-color:#818a91}.elementor-social-icon-linkedin,.elementor-social-icon-linkedin-in{background-color:#0077b5}.elementor-social-icon-medium{background-color:#00ab6b}.elementor-social-icon-meetup{background-color:#ec1c40}.elementor-social-icon-mixcloud{background-color:#273a4b}.elementor-social-icon-odnoklassniki{background-color:#f4731c}.elementor-social-icon-pinterest{background-color:#bd081c}.elementor-social-icon-product-hunt{background-color:#da552f}.elementor-social-icon-reddit{background-color:#ff4500}.elementor-social-icon-rss{background-color:#f26522}.elementor-social-icon-shopping-cart{background-color:#4caf50}.elementor-social-icon-skype{background-color:#00aff0}.elementor-social-icon-slideshare{background-color:#0077b5}.elementor-social-icon-snapchat{background-color:#fffc00}.elementor-social-icon-soundcloud{background-color:#f80}.elementor-social-icon-spotify{background-color:#2ebd59}.elementor-social-icon-stack-overflow{background-color:#fe7a15}.elementor-social-icon-steam{background-color:#00adee}.elementor-social-icon-stumbleupon{background-color:#eb4924}.elementor-social-icon-telegram{background-color:#2ca5e0}.elementor-social-icon-thumb-tack{background-color:#1aa1d8}.elementor-social-icon-tripadvisor{background-color:#589442}.elementor-social-icon-tumblr{background-color:#35465c}.elementor-social-icon-twitch{background-color:#6441a5}.elementor-social-icon-twitter{background-color:#1da1f2}.elementor-social-icon-viber{background-color:#665cac}.elementor-social-icon-vimeo{background-color:#1ab7ea}.elementor-social-icon-vk{background-color:#45668e}.elementor-social-icon-weibo{background-color:#dd2430}.elementor-social-icon-weixin{background-color:#31a918}.elementor-social-icon-whatsapp{background-color:#25d366}.elementor-social-icon-wordpress{background-color:#21759b}.elementor-social-icon-xing{background-color:#026466}.elementor-social-icon-yelp{background-color:#af0606}.elementor-social-icon-youtube{background-color:#cd201f}.elementor-social-icon-500px{background-color:#0099e5}.elementor-shape-rounded .elementor-icon.elementor-social-icon{border-radius:10%}.elementor-shape-circle .elementor-icon.elementor-social-icon{border-radius:50%}</style>		
					<a target=""_blank"" rel=""noopener"">
											</a>
					<a target=""_blank"" rel=""noopener"">
											</a>
					<a target=""_blank"" rel=""noopener"">
											</a>
			<figure><img width=""605"" height=""605"" src=""http://localhost/harahire/wp-content/uploads/2023/01/young-chef-preparing-dough-for-pizza-2022-03-30-20-23-44-utc-1.jpg"" alt="""" loading=""lazy"" /></figure><h3>Joseph Vince Doe</h3><p>Professional Butcher</p>		
			<figure><img width=""565"" height=""565"" src=""http://localhost/harahire/wp-content/uploads/2023/01/chef-in-commercial-kitchen-seasoning-food-2022-03-07-23-57-42-utc-1.jpg"" alt="""" loading=""lazy"" /></figure><h3>Joseph Vince Doe</h3><p>Professional Butcher</p>		
					<a target=""_blank"" rel=""noopener"">
											</a>
					<a target=""_blank"" rel=""noopener"">
											</a>
					<a target=""_blank"" rel=""noopener"">
											</a>
			<figure><img width=""605"" height=""605"" src=""http://localhost/harahire/wp-content/uploads/2023/01/young-chef-preparing-dough-for-pizza-2022-03-30-20-23-44-utc-1.jpg"" alt="""" loading=""lazy"" /></figure><h3>Joseph Vince Doe</h3><p>Professional Butcher</p>		
					<a target=""_blank"" rel=""noopener"">
											</a>
					<a target=""_blank"" rel=""noopener"">
											</a>
					<a target=""_blank"" rel=""noopener"">
											</a>
			<figure><img width=""565"" height=""565"" src=""http://localhost/harahire/wp-content/uploads/2023/01/chef-in-commercial-kitchen-seasoning-food-2022-03-07-23-57-42-utc-1.jpg"" alt="""" loading=""lazy"" /></figure><h3>Joseph Vince Doe</h3><p>Professional Butcher</p>		
					<a target=""_blank"" rel=""noopener"">
											</a>
					<a target=""_blank"" rel=""noopener"">
											</a>
					<a target=""_blank"" rel=""noopener"">
											</a>
			<h6>Harahire Seafood</h6>		
			<h1>What They Say</h1>		
			<link rel=""stylesheet"" href=""http://localhost/harahire/wp-content/plugins/elementor-pro/assets/css/widget-carousel.min.css"">		
						Lorem ipsum dolor sit amet, consectetur adipiscing elit. Ut elit tellus, luctus nec ullamcorper mattis, pulvinar dapibus leo.					
						<img src=""http://localhost/harahire/wp-content/uploads/2023/01/young-chef-preparing-dough-for-pizza-2022-03-30-20-23-44-utc-1.jpg"" alt=""John Doe"">
								<cite>John DoeClient</cite>			
						Lorem ipsum dolor sit amet, consectetur adipiscing elit. Ut elit tellus, luctus nec ullamcorper mattis, pulvinar dapibus leo.					
						<img src=""http://localhost/harahire/wp-content/uploads/2023/01/chef-in-commercial-kitchen-seasoning-food-2022-03-07-23-57-42-utc-1.jpg"" alt=""Olivia"">
								<cite>OliviaClient</cite>			
						Lorem ipsum dolor sit amet, consectetur adipiscing elit. Ut elit tellus, luctus nec ullamcorper mattis, pulvinar dapibus leo.					
						<img src=""http://localhost/harahire/wp-content/uploads/2023/01/chef-in-commercial-kitchen-seasoning-food-2022-03-07-23-57-42-utc-1.jpg"" alt=""Elezabeth"">
								<cite>ElezabethClient</cite>			
														Previous
														Next
			<h1>Get Yourself Some Delicious, Fine-Cuts Seafood</h1>		
			<a href=""#"" role=""button"">
						Order Now
					</a>",,"2023-01-17 00:40:32","contact-us","admin","publish",,"0","6","elementor_header_footer","closed","closed",,,,,,,,,,,,,,,,,,,,
"Home v1","122","<style>/*! elementor - v3.10.1 - 17-01-2023 */
.elementor-heading-title{padding:0;margin:0;line-height:1}.elementor-widget-heading .elementor-heading-title[class*=elementor-size-]>a{color:inherit;font-size:inherit;line-height:inherit}.elementor-widget-heading .elementor-heading-title.elementor-size-small{font-size:15px}.elementor-widget-heading .elementor-heading-title.elementor-size-medium{font-size:19px}.elementor-widget-heading .elementor-heading-title.elementor-size-large{font-size:29px}.elementor-widget-heading .elementor-heading-title.elementor-size-xl{font-size:39px}.elementor-widget-heading .elementor-heading-title.elementor-size-xxl{font-size:59px}</style><h1>A FRESH SEAFOOD, AND A CLEAN CUT</h1>		
		<p>Li Europan lingues es membres del sam familie. Lor separat existentie es un myth. Por scientie, musica, sport etc, litot Europa usa li sam vocabular. Li lingues differe solmen in li grammatica, li pronunciation e li plu commun vocabules. Omnicos directe al desirabilite de un nov lingua franca.</p>		
			<a href=""#"" role=""button"">
						Learn More
					</a>
			<style>/*! elementor - v3.10.1 - 17-01-2023 */
.elementor-widget-image-box .elementor-image-box-content{width:100%}@media (min-width:768px){.elementor-widget-image-box.elementor-position-left .elementor-image-box-wrapper,.elementor-widget-image-box.elementor-position-right .elementor-image-box-wrapper{display:flex}.elementor-widget-image-box.elementor-position-right .elementor-image-box-wrapper{text-align:right;flex-direction:row-reverse}.elementor-widget-image-box.elementor-position-left .elementor-image-box-wrapper{text-align:left;flex-direction:row}.elementor-widget-image-box.elementor-position-top .elementor-image-box-img{margin:auto}.elementor-widget-image-box.elementor-vertical-align-top .elementor-image-box-wrapper{align-items:flex-start}.elementor-widget-image-box.elementor-vertical-align-middle .elementor-image-box-wrapper{align-items:center}.elementor-widget-image-box.elementor-vertical-align-bottom .elementor-image-box-wrapper{align-items:flex-end}}@media (max-width:767px){.elementor-widget-image-box .elementor-image-box-img{margin-left:auto!important;margin-right:auto!important;margin-bottom:15px}}.elementor-widget-image-box .elementor-image-box-img{display:inline-block}.elementor-widget-image-box .elementor-image-box-title a{color:inherit}.elementor-widget-image-box .elementor-image-box-wrapper{text-align:center}.elementor-widget-image-box .elementor-image-box-description{margin:0}</style><figure><img width=""72"" height=""72"" src=""http://localhost/harahire/wp-content/uploads/2023/01/fish-steak.png"" alt="""" loading=""lazy"" /></figure><h3>Fish Steak</h3><p>Li Europan lingues es membres del sam familie.</p>		
			<figure><img width=""72"" height=""72"" src=""http://localhost/harahire/wp-content/uploads/2023/01/octo.png"" alt="""" loading=""lazy"" /></figure><h3>Octopus</h3><p>Li Europan lingues es membres del sam familie.</p>		
			<figure><img width=""72"" height=""72"" src=""http://localhost/harahire/wp-content/uploads/2023/01/tunanew.png"" alt="""" loading=""lazy"" /></figure><h3>Tuna</h3><p>Li Europan lingues es membres del sam familie.</p>		
			<figure><img width=""72"" height=""72"" src=""http://localhost/harahire/wp-content/uploads/2023/01/caviar-1.png"" alt="""" loading=""lazy"" /></figure><h3>Caviar</h3><p>Li Europan lingues es membres del sam familie.</p>		
			<h3>Welcome Message</h3>		
		<p>Li Europan lingues es membres del sam familie. Lor separat existentie es un myth. Por scientie, musica, sport etc, litot Europa usa li sam vocabular.</p>		
			<style>/*! elementor - v3.10.1 - 17-01-2023 */
.elementor-widget-image{text-align:center}.elementor-widget-image a{display:inline-block}.elementor-widget-image a img[src$="".svg""]{width:48px}.elementor-widget-image img{vertical-align:middle;display:inline-block}</style>												<img src=""http://localhost/harahire/wp-content/uploads/2023/01/raw-cut-salmon-fish-on-a-wooden-cutting-board-with-2022-01-19-00-22-45-utc-pueh2qxomtraekuzqw8yjaddglim09epeqpoa8kskw-1.jpg"" title=""raw-cut-salmon-fish-on-a-wooden-cutting-board-with-2022-01-19-00-22-45-utc-pueh2qxomtraekuzqw8yjaddglim09epeqpoa8kskw"" alt=""raw-cut-salmon-fish-on-a-wooden-cutting-board-with-2022-01-19-00-22-45-utc-pueh2qxomtraekuzqw8yjaddglim09epeqpoa8kskw"" loading=""lazy"" />															
			<h1>250</h1>		
		<p>Li Europan lingues es membres del sam familie.</p>		
			<h1>9/10</h1>		
		<p>Li Europan lingues es membres del sam familie.</p>		
			<h1>500+</h1>		
		<p>Li Europan lingues es membres del sam familie.</p>		
			<h1>82</h1>		
		<p>Li Europan lingues es membres del sam familie.</p>		
															<img width=""568"" height=""472"" src=""http://localhost/harahire/wp-content/uploads/2023/01/fish.png"" alt="""" loading=""lazy"" />															
			<h6>Harahire Seafood</h6>		
			<h1>Harahire Fish Cutting Specialist</h1>		
		<p>Li Europan lingues es membres del sam familie. Lor separat existentie es un myth. Por scientie, musica, sport etc, litot Europa usa li sam vocabular. Li lingues differe solmen in li grammatica, li pronunciation e li plu commun vocabules. Omnicos directe al desirabilite de un nov lingua franca.</p>		
			<a href=""#"" role=""button"">
						Order Service
					</a>
			<h6>Harahire Seafood</h6>		
			<h1>Why You Should Choose Us?</h1>		
		<p>Li Europan lingues es membres del sam familie. Lor separat existentie es un myth. Por scientie, musica, sport etc.</p>		
			<link rel=""stylesheet"" href=""http://localhost/harahire/wp-content/plugins/elementor/assets/css/widget-icon-list.min.css"">		<ul>
							<li>
										100% Fresh Fish Meat
									</li>
								<li>
										Enjoy Better Seafood
									</li>
								<li>
										Delivery, Shipping, or Pickup
									</li>
						</ul>
															<img width=""491"" height=""472"" src=""http://localhost/harahire/wp-content/uploads/2023/01/squid-1.png"" alt="""" loading=""lazy"" />															
			<h6>Harahire Seafood</h6>		
			<h1>Featured Products</h1>		
			<figure><img width=""261"" height=""280"" src=""http://localhost/harahire/wp-content/uploads/2023/01/whole-seafood-octopus-with-ice-and-lime-2022-02-01-23-41-26-utc-pueh1zo15jcvehdetxn3bk2aulapzi8rn2u5hksisw.jpg"" alt="""" loading=""lazy"" /></figure><h3>Premium Caviar</h3><p>Li Europan lingues es membres del sam familie.</p>		
		<p>$50.00/tin</p>		
			<figure><img width=""261"" height=""280"" src=""http://localhost/harahire/wp-content/uploads/2023/01/big-piece-of-raw-cut-salmon-fish-on-a-wooden-cutti-2021-12-09-03-21-07-utc-pueh2p1oa2bm3ycjpqm0ovnqvztmrc1iqkg9g1qw4w.jpg"" alt="""" loading=""lazy"" /></figure><h3>Premium Caviar</h3><p>Li Europan lingues es membres del sam familie.</p>		
		<p>$50.00/tin</p>		
			<figure><img width=""261"" height=""280"" src=""http://localhost/harahire/wp-content/uploads/2023/01/close-of-mans-hands-cutting-fish-on-a-cutting-boar-2022-01-17-18-53-23-utc-pueh2kchbw56hwjdh6kvueufx2gsouiv1x6u1nxv00.jpg"" alt="""" loading=""lazy"" /></figure><h3>Premium Caviar</h3><p>Li Europan lingues es membres del sam familie.</p>		
		<p>$50.00/tin</p>		
			<figure><img width=""261"" height=""280"" src=""http://localhost/harahire/wp-content/uploads/2023/01/raw-tuna-steaks-on-the-table-2022-01-12-00-37-09-utc-pueh4d7cfglyqzx5ygm54gh8wnl4fyocau7c5r9p2o-1.jpg"" alt="""" loading=""lazy"" /></figure><h3>Premium Caviar</h3><p>Li Europan lingues es membres del sam familie.</p>		
		<p>$50.00/tin</p>		
			<h6>Harahire Seafood</h6>		
			<h1>From The Blog</h1>		
			<article id=""post-182""><a href=""http://localhost/harahire/the-second-post/""̌̌><img width=""269"" height=""352"" src=""http://localhost/harahire/wp-content/uploads/2023/01/male-hands-of-a-chef-cutting-a-delicious-loin-of-f-2021-10-21-02-31-14-utc-pueh654dfpcqpcakbfgu9fzo13s3ow1pceg6kz9340.jpg"" alt=""male-hands-of-a-chef-cutting-a-delicious-loin-of-f-2021-10-21-02-31-14-utc-pueh654dfpcqpcakbfgu9fzo13s3ow1pceg6kz9340"" decoding=""async"" loading=""eager"" title=""male-hands-of-a-chef-cutting-a-delicious-loin-of-f-2021-10-21-02-31-14-utc-pueh654dfpcqpcakbfgu9fzo13s3ow1pceg6kz9340"" data-no-lazy=""1"" /></a><h2><a href=""http://localhost/harahire/the-second-post/"" title=""The second Post"" rel=""bookmark"">The second Post</a></h2><!-- .lae-image-info --><h1><a href=""http://localhost/harahire/the-second-post/"" title=""The second Post"" rel=""bookmark"">The second Post</a></h1>Li Europan lingues es membres del sam familie. Lor separat existentie es un myth. Por scientie, musica, sport etc, litot Europa usa li sam vocabular. Li lingues differe solmen in li grammatica, li pronunciation e li plu commun vocabules. Omnicos directe al desirabilite de un nov lingua franca: On refusa continuar payar custosi traductores. At [&hellip;]<a href=""http://localhost/harahire/the-second-post/"">Read More</a></article><!-- .hentry --><article id=""post-179""><a href=""http://localhost/harahire/a-new-post/""̌̌><img width=""269"" height=""352"" src=""http://localhost/harahire/wp-content/uploads/2023/01/seafood-fish-2021-08-28-20-48-13-utc-pueh1q9ncpba78pb30sw222rmzj2k1j2ek74h7smbk.jpg"" alt=""seafood-fish-2021-08-28-20-48-13-utc-pueh1q9ncpba78pb30sw222rmzj2k1j2ek74h7smbk"" decoding=""async"" loading=""eager"" title=""seafood-fish-2021-08-28-20-48-13-utc-pueh1q9ncpba78pb30sw222rmzj2k1j2ek74h7smbk"" data-no-lazy=""1"" /></a><h2><a href=""http://localhost/harahire/a-new-post/"" title=""A new Post"" rel=""bookmark"">A new Post</a></h2><!-- .lae-image-info --><h1><a href=""http://localhost/harahire/a-new-post/"" title=""A new Post"" rel=""bookmark"">A new Post</a></h1>Li Europan lingues es membres del sam familie. Lor separat existentie es un myth. Por scientie, musica, sport etc, litot Europa usa li sam vocabular. Li lingues differe solmen in li grammatica, li pronunciation e li plu commun vocabules. Omnicos directe al desirabilite de un nov lingua franca: On refusa continuar payar custosi traductores. At [&hellip;]<a href=""http://localhost/harahire/a-new-post/"">Read More</a></article><!-- .hentry --><article id=""post-177""><a href=""http://localhost/harahire/the-importance-of-keeping-beauty-with-spa/""̌̌><img width=""269"" height=""352"" src=""http://localhost/harahire/wp-content/uploads/2023/01/seafood-fish-2021-08-28-20-48-13-utc-pueh1q9ncpba78pb30sw222rmzj2k1j2ek74h7smbk.jpg"" alt=""seafood-fish-2021-08-28-20-48-13-utc-pueh1q9ncpba78pb30sw222rmzj2k1j2ek74h7smbk"" decoding=""async"" loading=""eager"" title=""seafood-fish-2021-08-28-20-48-13-utc-pueh1q9ncpba78pb30sw222rmzj2k1j2ek74h7smbk"" data-no-lazy=""1"" /></a><h2><a href=""http://localhost/harahire/the-importance-of-keeping-beauty-with-spa/"" title=""The Importance of Keeping Beauty with Spa"" rel=""bookmark"">The Importance of Keeping Beauty with Spa</a></h2><!-- .lae-image-info --><h1><a href=""http://localhost/harahire/the-importance-of-keeping-beauty-with-spa/"" title=""The Importance of Keeping Beauty with Spa"" rel=""bookmark"">The Importance of Keeping Beauty with Spa</a></h1>Li Europan lingues es membres del sam familie. Lor separat existentie es un myth. Por scientie, musica, sport etc, litot Europa usa li sam vocabular. Li lingues differe solmen in li grammatica, li pronunciation e li plu commun vocabules. Omnicos directe al desirabilite de un nov lingua franca: On refusa continuar payar custosi traductores. At [&hellip;]<a href=""http://localhost/harahire/the-importance-of-keeping-beauty-with-spa/"">Read More</a></article><!-- .hentry --><!-- .lae-portfolio --><!-- .lae-portfolio-wrap -->		
			<h6>Harahire Seafood</h6>		
			<h1>Get In Touch</h1>		
		<p>Li Europan lingues es membres del sam familie. Lor separat existentie es un myth. Por scientie, musica, sport etc.</p>		
			<h4>Our Location</h4>		
			<style>/*! elementor - v3.10.1 - 17-01-2023 */
.elementor-widget-google_maps .elementor-widget-container{overflow:hidden}.elementor-widget-google_maps iframe{height:300px}</style>		
			<iframe loading=""lazy""
					src=""https://maps.google.com/maps?q=London%20Eye%2C%20London%2C%20United%20Kingdom&#038;t=m&#038;z=10&#038;output=embed&#038;iwloc=near""
					title=""London Eye, London, United Kingdom""
					aria-label=""London Eye, London, United Kingdom""
			></iframe>",,"2023-01-17 02:12:37","home-v1","admin","publish",,"40","0","elementor_header_footer","closed","closed",,,,,,,,,,,,,,,,,,,,
"Home v2","125","<style>/*! elementor - v3.10.2 - 29-01-2023 */
.elementor-heading-title{padding:0;margin:0;line-height:1}.elementor-widget-heading .elementor-heading-title[class*=elementor-size-]>a{color:inherit;font-size:inherit;line-height:inherit}.elementor-widget-heading .elementor-heading-title.elementor-size-small{font-size:15px}.elementor-widget-heading .elementor-heading-title.elementor-size-medium{font-size:19px}.elementor-widget-heading .elementor-heading-title.elementor-size-large{font-size:29px}.elementor-widget-heading .elementor-heading-title.elementor-size-xl{font-size:39px}.elementor-widget-heading .elementor-heading-title.elementor-size-xxl{font-size:59px}</style><h1>Best Tuna Cutlet</h1>		
		<p>Li Europan lingues es membres del sam familie. Lor separat existentie es un myth. Por scientie, musica, sport etc, litot Europa usa li sam vocabular. Li lingues differe solmen in li grammatica.</p>		
			<a href=""#"" role=""button"">
						Learn More
					</a>
			<style>/*! elementor - v3.10.2 - 29-01-2023 */
.elementor-widget-image{text-align:center}.elementor-widget-image a{display:inline-block}.elementor-widget-image a img[src$="".svg""]{width:48px}.elementor-widget-image img{vertical-align:middle;display:inline-block}</style>												<img width=""568"" height=""472"" src=""http://localhost/harahire/wp-content/uploads/2023/01/fish.png"" alt="""" loading=""lazy"" />															
			<style>/*! elementor - v3.10.2 - 29-01-2023 */
.elementor-widget-image-carousel .swiper-container{position:static}.elementor-widget-image-carousel .swiper-container .swiper-slide figure{line-height:inherit}.elementor-widget-image-carousel .swiper-slide{text-align:center}.elementor-image-carousel-wrapper:not(.swiper-container-initialized) .swiper-slide{max-width:calc(100% / var(--e-image-carousel-slides-to-show, 3))}</style>		
								<figure><img src=""http://localhost/harahire/wp-content/uploads/2023/01/raw-tuna-on-a-cutting-board-with-tomatoes-and-rose-2022-01-12-02-16-14-utc-pueh16j0nquewvpt9gmqxez82sjiu5sp1m422v3txs.jpg"" alt=""raw-tuna-on-a-cutting-board-with-tomatoes-and-rose-2022-01-12-02-16-14-utc-pueh16j0nquewvpt9gmqxez82sjiu5sp1m422v3txs"" /></figure><figure><img src=""http://localhost/harahire/wp-content/uploads/2023/01/male-hands-of-a-chef-cutting-a-delicious-loin-of-f-2021-10-21-02-31-16-utc-1-pueh5mbkxkx5ql9pcdpbpanl2anx6pf2bl0lnwiwk0.jpg"" alt=""male-hands-of-a-chef-cutting-a-delicious-loin-of-f-2021-10-21-02-31-16-utc-1-pueh5mbkxkx5ql9pcdpbpanl2anx6pf2bl0lnwiwk0"" /></figure><figure><img src=""http://localhost/harahire/wp-content/uploads/2023/01/seafood-fish-2021-08-28-20-48-13-utc-pueh1q9mn9lfoox5275wvrzwjvu8bsz24bt95oakb4.jpg"" alt=""seafood-fish-2021-08-28-20-48-13-utc-pueh1q9mn9lfoox5275wvrzwjvu8bsz24bt95oakb4"" /></figure><figure><img src=""http://localhost/harahire/wp-content/uploads/2023/01/fresh-fish-fillet-on-a-cutting-board-2022-01-12-00-54-07-utc-pueh3orivu9xvg2qmjmxks7h3s6rd3qxe0qo5fe1cg.jpg"" alt=""fresh-fish-fillet-on-a-cutting-board-2022-01-12-00-54-07-utc-pueh3orivu9xvg2qmjmxks7h3s6rd3qxe0qo5fe1cg"" /></figure><figure><img src=""http://localhost/harahire/wp-content/uploads/2023/01/portioning-fish-at-fish-market-2021-08-26-18-36-48-utc-pueh4t6l1pt9qog12j3w200ancnjk37dvksjsbq3ww.jpg"" alt=""portioning-fish-at-fish-market-2021-08-26-18-36-48-utc-pueh4t6l1pt9qog12j3w200ancnjk37dvksjsbq3ww"" /></figure>			
												Previous
												Next
			<h6>Harahire Seafood</h6>		
			<h2>Why Choose Us?</h2>		
			<style>/*! elementor - v3.10.2 - 29-01-2023 */
.elementor-widget-image-box .elementor-image-box-content{width:100%}@media (min-width:768px){.elementor-widget-image-box.elementor-position-left .elementor-image-box-wrapper,.elementor-widget-image-box.elementor-position-right .elementor-image-box-wrapper{display:flex}.elementor-widget-image-box.elementor-position-right .elementor-image-box-wrapper{text-align:right;flex-direction:row-reverse}.elementor-widget-image-box.elementor-position-left .elementor-image-box-wrapper{text-align:left;flex-direction:row}.elementor-widget-image-box.elementor-position-top .elementor-image-box-img{margin:auto}.elementor-widget-image-box.elementor-vertical-align-top .elementor-image-box-wrapper{align-items:flex-start}.elementor-widget-image-box.elementor-vertical-align-middle .elementor-image-box-wrapper{align-items:center}.elementor-widget-image-box.elementor-vertical-align-bottom .elementor-image-box-wrapper{align-items:flex-end}}@media (max-width:767px){.elementor-widget-image-box .elementor-image-box-img{margin-left:auto!important;margin-right:auto!important;margin-bottom:15px}}.elementor-widget-image-box .elementor-image-box-img{display:inline-block}.elementor-widget-image-box .elementor-image-box-title a{color:inherit}.elementor-widget-image-box .elementor-image-box-wrapper{text-align:center}.elementor-widget-image-box .elementor-image-box-description{margin:0}</style><figure><img width=""72"" height=""72"" src=""http://localhost/harahire/wp-content/uploads/2023/01/caviar-1.png"" alt="""" loading=""lazy"" /></figure><h3>Best Caviar Quality</h3><p>Li Europan lingues es membres del sam familie.</p>		
			<figure><img width=""72"" height=""72"" src=""http://localhost/harahire/wp-content/uploads/2023/01/tunanew-1.png"" alt="""" loading=""lazy"" /></figure><h3>Best Caviar Quality</h3><p>Li Europan lingues es membres del sam familie.</p>		
			<figure><img width=""88"" height=""88"" src=""http://localhost/harahire/wp-content/uploads/2023/01/fillet.png"" alt="""" loading=""lazy"" /></figure><h3>Best Caviar Quality</h3><p>Li Europan lingues es membres del sam familie.</p>		
			<style>/*! elementor - v3.10.2 - 29-01-2023 */
.elementor-widget-divider{--divider-border-style:none;--divider-border-width:1px;--divider-color:#2c2c2c;--divider-icon-size:20px;--divider-element-spacing:10px;--divider-pattern-height:24px;--divider-pattern-size:20px;--divider-pattern-url:none;--divider-pattern-repeat:repeat-x}.elementor-widget-divider .elementor-divider{display:flex}.elementor-widget-divider .elementor-divider__text{font-size:15px;line-height:1;max-width:95%}.elementor-widget-divider .elementor-divider__element{margin:0 var(--divider-element-spacing);flex-shrink:0}.elementor-widget-divider .elementor-icon{font-size:var(--divider-icon-size)}.elementor-widget-divider .elementor-divider-separator{display:flex;margin:0;direction:ltr}.elementor-widget-divider--view-line_icon .elementor-divider-separator,.elementor-widget-divider--view-line_text .elementor-divider-separator{align-items:center}.elementor-widget-divider--view-line_icon .elementor-divider-separator:after,.elementor-widget-divider--view-line_icon .elementor-divider-separator:before,.elementor-widget-divider--view-line_text .elementor-divider-separator:after,.elementor-widget-divider--view-line_text .elementor-divider-separator:before{display:block;content:"""";border-bottom:0;flex-grow:1;border-top:var(--divider-border-width) var(--divider-border-style) var(--divider-color)}.elementor-widget-divider--element-align-left .elementor-divider .elementor-divider-separator>.elementor-divider__svg:first-of-type{flex-grow:0;flex-shrink:100}.elementor-widget-divider--element-align-left .elementor-divider-separator:before{content:none}.elementor-widget-divider--element-align-left .elementor-divider__element{margin-left:0}.elementor-widget-divider--element-align-right .elementor-divider .elementor-divider-separator>.elementor-divider__svg:last-of-type{flex-grow:0;flex-shrink:100}.elementor-widget-divider--element-align-right .elementor-divider-separator:after{content:none}.elementor-widget-divider--element-align-right .elementor-divider__element{margin-right:0}.elementor-widget-divider:not(.elementor-widget-divider--view-line_text):not(.elementor-widget-divider--view-line_icon) .elementor-divider-separator{border-top:var(--divider-border-width) var(--divider-border-style) var(--divider-color)}.elementor-widget-divider--separator-type-pattern{--divider-border-style:none}.elementor-widget-divider--separator-type-pattern.elementor-widget-divider--view-line .elementor-divider-separator,.elementor-widget-divider--separator-type-pattern:not(.elementor-widget-divider--view-line) .elementor-divider-separator:after,.elementor-widget-divider--separator-type-pattern:not(.elementor-widget-divider--view-line) .elementor-divider-separator:before,.elementor-widget-divider--separator-type-pattern:not([class*=elementor-widget-divider--view]) .elementor-divider-separator{width:100%;min-height:var(--divider-pattern-height);-webkit-mask-size:var(--divider-pattern-size) 100%;mask-size:var(--divider-pattern-size) 100%;-webkit-mask-repeat:var(--divider-pattern-repeat);mask-repeat:var(--divider-pattern-repeat);background-color:var(--divider-color);-webkit-mask-image:var(--divider-pattern-url);mask-image:var(--divider-pattern-url)}.elementor-widget-divider--no-spacing{--divider-pattern-size:auto}.elementor-widget-divider--bg-round{--divider-pattern-repeat:round}.rtl .elementor-widget-divider .elementor-divider__text{direction:rtl}.e-con-inner>.elementor-widget-divider,.e-con>.elementor-widget-divider{width:var(--container-widget-width);--flex-grow:var(--container-widget-flex-grow)}</style>		
			<h3>Other Specialities</h3>		
		<p>Fish Cutting</p><p>Shrimp Farming</p><p>Caviar Farming</p><p>Best Supplier</p><p>Fishing</p><p>Fish Cutting</p>		
			<h6>Harahire Seafood</h6>		
			<h2>Achievements</h2>		
			<h1>250</h1>		
		<p>Li Europan lingues es membres del sam familie.</p>		
			<h1>9/10</h1>		
		<p>Li Europan lingues es membres del sam familie.</p>		
			<h1>500+</h1>		
		<p>Li Europan lingues es membres del sam familie.</p>		
			<h1>82</h1>		
		<p>Li Europan lingues es membres del sam familie.</p>		
															<img width=""708"" height=""680"" src=""http://localhost/harahire/wp-content/uploads/2023/01/seafood-2021-08-26-15-58-15-utc-pueh4adzazop2g5mwpoqgb6fs3j141wjytz0gi5mkw.jpg"" alt="""" loading=""lazy"" />															
			<h6>Harahire Seafood</h6>		
			<h2>Harahire Fish Cuts</h2>		
		<p>Li Europan lingues es membres del sam familie. Lor separat existentie es un myth. Por scientie, musica, sport etc, litot Europa usa li sam vocabular. Li lingues differe solmen in li grammatica.</p>		
			<figure><img width=""80"" height=""80"" src=""http://localhost/harahire/wp-content/uploads/2023/01/redocto.png"" alt="""" loading=""lazy"" /></figure><h3>Best Quality Seafood</h3><p>Li Europan lingues es membres del sam familie. Lor separat existentie es un myth.</p>		
			<figure><img width=""80"" height=""80"" src=""http://localhost/harahire/wp-content/uploads/2023/01/redtuna.png"" alt="""" loading=""lazy"" /></figure><h3>Fine Fish Cuts</h3><p>Li Europan lingues es membres del sam familie. Lor separat existentie es un myth.</p>		
			<h6>Harahire Seafood</h6>		
			<h2>Harahire Fish Seafood & Cutlery</h2>		
		<p>Li Europan lingues es membres del sam familie. Lor separat existentie es un myth. Por scientie, musica, sport etc, litot Europa usa li sam vocabular. Li lingues differe solmen in li grammatica.</p>		
			<a href=""#"" role=""button"">
						Order Service
					</a>
															<img width=""610"" height=""305"" src=""http://localhost/harahire/wp-content/uploads/2023/01/whole-seafood-octopus-with-ice-and-lime-2022-02-01-23-41-26-utc-pueh1zo5ela6mr9gagji98xcmg0oz996yjn7sa7pt6.jpg"" alt="""" loading=""lazy"" />															
															<img width=""610"" height=""305"" src=""http://localhost/harahire/wp-content/uploads/2023/01/male-hands-of-a-chef-cutting-a-delicious-loin-of-f-2021-10-21-02-31-16-utc-1-pueh5mbpsk91gjzo3j0ndtyf704pp6nvsibphqtzsa.jpg"" alt="""" loading=""lazy"" />															
			<h6>Harahire Seafood</h6>		
			<h2>Image Gallery</h2>		
			<style>/*! elementor - v3.10.2 - 29-01-2023 */
.elementor-image-gallery .gallery-item{display:inline-block;text-align:center;vertical-align:top;width:100%;max-width:100%;margin:0 auto}.elementor-image-gallery .gallery-item img{margin:0 auto}.elementor-image-gallery .gallery-item .gallery-caption{margin:0}.elementor-image-gallery figure img{display:block}.elementor-image-gallery figure figcaption{width:100%}.gallery-spacing-custom .elementor-image-gallery .gallery-icon{padding:0}@media (min-width:768px){.elementor-image-gallery .gallery-columns-2 .gallery-item{max-width:50%}.elementor-image-gallery .gallery-columns-3 .gallery-item{max-width:33.33%}.elementor-image-gallery .gallery-columns-4 .gallery-item{max-width:25%}.elementor-image-gallery .gallery-columns-5 .gallery-item{max-width:20%}.elementor-image-gallery .gallery-columns-6 .gallery-item{max-width:16.666%}.elementor-image-gallery .gallery-columns-7 .gallery-item{max-width:14.28%}.elementor-image-gallery .gallery-columns-8 .gallery-item{max-width:12.5%}.elementor-image-gallery .gallery-columns-9 .gallery-item{max-width:11.11%}.elementor-image-gallery .gallery-columns-10 .gallery-item{max-width:10%}}@media (min-width:480px) and (max-width:767px){.elementor-image-gallery .gallery.gallery-columns-2 .gallery-item,.elementor-image-gallery .gallery.gallery-columns-3 .gallery-item,.elementor-image-gallery .gallery.gallery-columns-4 .gallery-item,.elementor-image-gallery .gallery.gallery-columns-5 .gallery-item,.elementor-image-gallery .gallery.gallery-columns-6 .gallery-item,.elementor-image-gallery .gallery.gallery-columns-7 .gallery-item,.elementor-image-gallery .gallery.gallery-columns-8 .gallery-item,.elementor-image-gallery .gallery.gallery-columns-9 .gallery-item,.elementor-image-gallery .gallery.gallery-columns-10 .gallery-item{max-width:50%}}@media (max-width:479px){.elementor-image-gallery .gallery.gallery-columns-2 .gallery-item,.elementor-image-gallery .gallery.gallery-columns-3 .gallery-item,.elementor-image-gallery .gallery.gallery-columns-4 .gallery-item,.elementor-image-gallery .gallery.gallery-columns-5 .gallery-item,.elementor-image-gallery .gallery.gallery-columns-6 .gallery-item,.elementor-image-gallery .gallery.gallery-columns-7 .gallery-item,.elementor-image-gallery .gallery.gallery-columns-8 .gallery-item,.elementor-image-gallery .gallery.gallery-columns-9 .gallery-item,.elementor-image-gallery .gallery.gallery-columns-10 .gallery-item{max-width:100%}}</style>		
			<figure class='gallery-item'>
				<img width=""229"" height=""300"" src=""http://localhost/harahire/wp-content/uploads/2023/01/seafood-fish-2021-08-28-20-48-13-utc-pueh1q9ncpba78pb30sw222rmzj2k1j2ek74h7smbk.jpg"" alt="""" decoding=""async"" loading=""lazy"" />
			</figure><figure class='gallery-item'>
				<img width=""229"" height=""300"" src=""http://localhost/harahire/wp-content/uploads/2023/01/male-hands-of-a-chef-cutting-a-delicious-loin-of-f-2021-10-21-02-31-14-utc-pueh654dfpcqpcakbfgu9fzo13s3ow1pceg6kz9340.jpg"" alt="""" decoding=""async"" loading=""lazy"" />
			</figure><figure class='gallery-item'>
				<img width=""229"" height=""300"" src=""http://localhost/harahire/wp-content/uploads/2023/01/fresh-fish-fillet-on-a-cutting-board-2022-01-12-00-54-07-utc-pueh3orjl9zsdzuwnd9wr2ac6vvllcaxo94jgyw3cw.jpg"" alt="""" decoding=""async"" loading=""lazy"" />
			</figure><figure class='gallery-item'>
				<img width=""229"" height=""300"" src=""http://localhost/harahire/wp-content/uploads/2023/01/raw-cut-salmon-fish-on-a-wooden-cutting-board-with-2022-01-19-00-22-45-utc-pueh2qxcr8pgs1824ync9atqt0idw8kljln270a9kw.jpg"" alt="""" decoding=""async"" loading=""lazy"" />
			</figure><figure class='gallery-item'>
				<img width=""229"" height=""300"" src=""http://localhost/harahire/wp-content/uploads/2023/01/close-of-mans-hands-cutting-fish-on-a-cutting-boar-2022-01-17-18-53-23-utc-pueh2kchfeggirhm7dsy9uhinbetecuh6p2nu2k0sg.jpg"" alt="""" decoding=""async"" loading=""lazy"" />
			</figure>
			<link rel=""stylesheet"" href=""http://localhost/harahire/wp-content/plugins/elementor-pro/assets/css/widget-carousel.min.css"">		
						Lorem ipsum dolor sit amet, consectetur adipiscing elit. Ut elit tellus, luctus nec ullamcorper mattis, pulvinar dapibus leo.					
					<cite>John DoeCEO</cite>				
						<img src=""http://localhost/harahire/wp-content/uploads/2023/01/young-chef-preparing-dough-for-pizza-2022-03-30-20-23-44-utc-1.jpg"" alt=""John Doe"">
						Lorem ipsum dolor sit amet, consectetur adipiscing elit. Ut elit tellus, luctus nec ullamcorper mattis, pulvinar dapibus leo.					
					<cite>CharlotteCFO</cite>				
						<img src=""http://localhost/harahire/wp-content/uploads/2023/01/chef-in-commercial-kitchen-seasoning-food-2022-03-07-23-57-42-utc-1.jpg"" alt=""Charlotte"">
														Previous
														Next",,"2023-01-17 02:14:00","home-v2","admin","publish",,"40","0","elementor_header_footer","closed","closed",,,,,,,,,,,,,,,,,,,,
"404 Not Found","459","<style>/*! elementor - v3.10.1 - 17-01-2023 */
.elementor-widget-image{text-align:center}.elementor-widget-image a{display:inline-block}.elementor-widget-image a img[src$="".svg""]{width:48px}.elementor-widget-image img{vertical-align:middle;display:inline-block}</style>												<img width=""767"" height=""365"" src=""http://localhost/harahire/wp-content/uploads/2023/01/error404.png"" alt="""" loading=""lazy"" />															
			<style>/*! elementor - v3.10.1 - 17-01-2023 */
.elementor-heading-title{padding:0;margin:0;line-height:1}.elementor-widget-heading .elementor-heading-title[class*=elementor-size-]>a{color:inherit;font-size:inherit;line-height:inherit}.elementor-widget-heading .elementor-heading-title.elementor-size-small{font-size:15px}.elementor-widget-heading .elementor-heading-title.elementor-size-medium{font-size:19px}.elementor-widget-heading .elementor-heading-title.elementor-size-large{font-size:29px}.elementor-widget-heading .elementor-heading-title.elementor-size-xl{font-size:39px}.elementor-widget-heading .elementor-heading-title.elementor-size-xxl{font-size:59px}</style><h1>Oops ! Something went wrong.</h1>		
		<p>Li Europan lingues es membres del sam familie. Lor separat existentie es un myth. Por scientie, musica, sport etc, litot Europa usa li sam vocabular.</p>		
			<a href=""#"" role=""button"">
						Send Messsage
					</a>",,"2023-01-22 22:43:21","404-not-found","admin","publish",,"0","0","elementor_header_footer","closed","closed",,,,,,,,,,,,,,,,,,,,
"Service Detail","477","<style>/*! elementor - v3.10.2 - 29-01-2023 */
.elementor-heading-title{padding:0;margin:0;line-height:1}.elementor-widget-heading .elementor-heading-title[class*=elementor-size-]>a{color:inherit;font-size:inherit;line-height:inherit}.elementor-widget-heading .elementor-heading-title.elementor-size-small{font-size:15px}.elementor-widget-heading .elementor-heading-title.elementor-size-medium{font-size:19px}.elementor-widget-heading .elementor-heading-title.elementor-size-large{font-size:29px}.elementor-widget-heading .elementor-heading-title.elementor-size-xl{font-size:39px}.elementor-widget-heading .elementor-heading-title.elementor-size-xxl{font-size:59px}</style><h2>Service Detail</h2>		
		<p><a href=""http://localhost/harahire/"" data-wplink-url-error=""true"">Home</a> &gt;&gt; Harahire Service Detail</p>		
			<h6>Harahire Seafood</h6>		
			<h1>A FRESH SEAFOOD, AND A CLEAN CUT</h1>		
			<h3>Monthly Tips About Seafood</h3>		
		<p>Li Europan lingues es membres del sam familie. Lor separat existentie es un myth. Por scientie, musica, sport etc, litot Europa usa li sam vocabular. Li lingues differe solmen in li grammatica, li pronunciation e li plu commun vocabules. Omnicos directe al desirabilite de un nov lingua franca: On refusa continuar payar custosi traductores. At solmen va esser necessi far uniform grammatica, pronunciation e plu sommun paroles. Ma quande lingues coalesce, li grammatica del resultant lingue es plu simplic e regulari quam ti del coalescent lingues.</p>		
			<style>/*! elementor - v3.10.2 - 29-01-2023 */
.elementor-widget-image{text-align:center}.elementor-widget-image a{display:inline-block}.elementor-widget-image a img[src$="".svg""]{width:48px}.elementor-widget-image img{vertical-align:middle;display:inline-block}</style>												<img width=""269"" height=""352"" src=""http://localhost/harahire/wp-content/uploads/2023/01/raw-cut-salmon-fish-on-a-wooden-cutting-board-with-2022-01-19-00-22-45-utc-pueh2qxcr8pgs1824ync9atqt0idw8kljln270a9kw.jpg"" alt="""" loading=""lazy"" />",,"2023-01-22 23:04:57","service-detail","admin","publish",,"0","0","elementor_header_footer","closed","closed",,,,,,,,,,,,,,,,,,,,
